{"data_min": [0.0002496206044056, 0.0027808253051841, 0.0024548400974786, 0.0058264468829619, 0.0029762110104913, 0.0116090073390713, 0.0133174732366106, 0.0118043246662377, 0.0016692980845632, 0.0066928492235262, 0.0100111532575382, 0.0061918106056068, 0.0182774911233035, 0.0068326039652177, 0.0069352413993573, 0.0083560525105224, 0.0158764091452801, 0.0163869327261398, 0.0108791845489709, 0.0056918374541699, 0.0125660040959906, 0.0081721083461711, 0.0107052082249826, 0.0052339243095411, 0.0022546710617325, 0.0028948175771296, 0.0010770408034072, 7.474225677150107e-05, 0.0005420640372942, 0.000819726600835, 0.000937283039371, 0.0006950135010502, 0.0005228947672569, 0.0003033400181485, 0.0002115410616756, 0.0003750444405548, 0.0004262983948424, 0.0004008261351902], "data_max": [90.84325690235876, 137.37112773829477, 146.1017546102275, 179.56409446848662, 421.0061958718284, 348.2229364444658, 179.0057456297651, 136.54592644043484, 212.8508118175315, 311.82502023552354, 131.83478660566374, 143.13181298067514, 134.12139104733762, 210.0219671251076, 142.67139123662844, 131.43226448557724, 136.37966092534234, 155.17416423159708, 148.1212750960497, 104.68741481756368, 104.87385039679356, 95.19447976094636, 83.61392031900739, 73.69654886518059, 45.51697736136225, 35.45534006736512, 28.719748623385364, 24.458160403366485, 22.53499039423659, 23.3921401432928, 22.14951228280649, 21.457413409614183, 21.0334135462543, 20.6777810980602, 20.40634511829971, 20.21144659276765, 20.08272372076895, 20.019605507346856], "scale": [0.011008001935674009, 0.007279697415543696, 0.006844659772999472, 0.005569222798917198, 0.0023752787468125586, 0.0028718192695226454, 0.005586828506094694, 0.00732417643665728, 0.004698163159894501, 0.003206995587405411, 0.007585827448354262, 0.006986869239936758, 0.007456948414406596, 0.004761561600215671, 0.007009454408415798, 0.007608965613051244, 0.007333325366026503, 0.006445052368040573, 0.006751720524719429, 0.009552765960778168, 0.009536408082272536, 0.010505712687687, 0.011961262478660688, 0.013570120180409142, 0.021970912726512262, 0.02820679907843536, 0.03482055209707213, 0.040886274332994056, 0.04437650238190481, 0.04275089999991636, 0.04514963152304446, 0.04660544923687628, 0.04754458227211385, 0.04836179787987304, 0.04900487376577046, 0.04947783187095648, 0.04979509958287338, 0.049952034355216696], "min": [-2.7478240964809605e-06, -2.02435667872272e-05, -1.6802545264357875e-05, -3.2448780817271454e-05, -7.0693307592495136e-06, -3.333897097637477e-05, -7.440243910744928e-05, -8.645695657111048e-05, -7.842634763777282e-06, -2.1463937927018256e-05, -7.594288117071446e-05, -4.3261371059828335e-05, -0.00013629430845124867, -3.2533864670261927e-05, -4.861225840015277e-05, -6.358091621341545e-05, -0.00011642687390649773, -0.00010561463957152888, -7.345321361149731e-05, -5.437279108647649e-05, -0.00011983454302287454, -8.585382233752255e-05, -0.00012804780546773415, -7.102498189563768e-05, -4.95371811243175e-05, -8.165353776681767e-05, -3.750315540571283e-05, -3.0559324146266755e-06, -2.4054906042131008e-05, -3.504404993956844e-05, -4.231798386039982e-05, -3.239141644213876e-05, -2.4860813281503505e-05, -1.4670068646574777e-05, -1.036654302368984e-05, -1.8556385773907325e-05, -2.1227571023196384e-05, -2.00220808754896e-05]}